User ID,Trek Name,Location,Booking Status,Start Date,End Date
5,test1@gmail.com,test1@gmail.com,Cancelled,2026-07-04,2026-07-22
5,test1@gmail.com,test1@gmail.com,Cancelled,2026-07-04,2026-07-22
5,test1@gmail.com,test1@gmail.com,Cancelled,2026-07-04,2026-07-22
5,test1@gmail.com,test1@gmail.com,Cancelled,2026-07-04,2026-07-22
5,test1@gmail.com,test1@gmail.com,Cancelled,2026-07-04,2026-07-22
5,test1@gmail.com,test1@gmail.com,Cancelled,2026-07-04,2026-07-22
5,test1@gmail.com,test1@gmail.com,Cancelled,2026-07-04,2026-07-22
5,test1@gmail.com,test1@gmail.com,Cancelled,2026-07-04,2026-07-22
5,test1@gmail.com,test1@gmail.com,Cancelled,2026-07-04,2026-07-22
5,test1@gmail.com,test1@gmail.com,Cancelled,2026-07-04,2026-07-22
5,test1@gmail.com,test1@gmail.com,Booked,2026-07-04,2026-07-22
